id,name,meal,ingredients,steps,note,avoid,source_note,example
millet-egg,煮小米配煮蛋,breakfast,millet-cooked:100|egg-whole:50,煮小米按干饭盛一碗。|鸡蛋煮熟，配在旁边。,这是干饭式煮小米，不是稀小米粥。蛋白质不算高。,,待审核草稿。家常做法简述。热量由原料克数和食物表计算，不在这里手写。,true
oat-milk-egg,燕麦牛奶煮蛋,breakfast,oat-cooked:180|milk:200|egg-whole:50,燕麦用牛奶煮软或拌匀。|鸡蛋煮熟。|放温后吃，不加糖。,均衡早餐，奶和蛋都有。,,待审核草稿。家常做法简述。热量由原料克数和食物表计算，不在这里手写。,true
soy-oat,无糖豆浆燕麦,breakfast,soy-milk:250|oat-cooked:160,无糖豆浆加热。|倒入煮好的燕麦拌匀。,植物来源的早餐，默认不加糖。,,待审核草稿。家常做法简述。热量由原料克数和食物表计算，不在这里手写。,true
sweet-potato-egg,烤红薯鸡蛋,breakfast,sweet-potato:200|egg-whole:50,红薯烤熟。|配一个煮鸡蛋。,好做，主食用的是烤红薯。,,待审核草稿。家常做法简述。热量由原料克数和食物表计算，不在这里手写。,true
pumpkin-millet,南瓜配煮小米,breakfast,pumpkin:150|millet-cooked:80,南瓜蒸熟或煮软。|配一小份干饭式煮小米。,清淡早餐。小米是煮熟的干饭，不是熬稀的粥。热量不高，蛋白质也少。,,待审核草稿。家常做法简述。热量由原料克数和食物表计算，不在这里手写。,true
yogurt-egg-apple,酸奶煮蛋配苹果,breakfast,yogurt:150|egg-whole:50|apple:100,鸡蛋煮熟。|苹果洗净切块，配原味酸奶。,默认不加糖。适合想吃得清淡一点的早晨。,,待审核草稿。家常做法简述。热量由原料克数和食物表计算，不在这里手写。,true
tomato-egg-rice,番茄鸡蛋盖饭,lunch,egg-whole:100|tomato:150|oil:8|rice-cooked:150,番茄切块炒软。|打入鸡蛋炒匀，少放油。|盖在米饭上。,家常午饭，荤素和主食都有。,,待审核草稿。家常做法简述。热量由原料克数和食物表计算，不在这里手写。,true
chicken-broccoli,鸡胸西兰花饭,lunch,chicken-breast:120|broccoli:150|rice-cooked:150|oil:5,鸡胸肉煮熟或少油煎熟。|西兰花焯熟。|配米饭。,蛋白质较高，适合今天蛋白质还差一截的时候。,kidney_high_protein,待审核草稿。家常做法简述。热量由原料克数和食物表计算，不在这里手写。,true
saozi-noodle,家常臊子面,lunch,noodle-cooked:220|pork-lean:60|tomato:100|tofu-firm:80|carrot:40|oil:8,瘦肉切碎，和番茄、胡萝卜、豆腐一起炒熟或煮熟。|煮鸡蛋面煮好，浇上这一份。,陕西家常面。面条按 USDA 煮鸡蛋面计，不是汤面。浇头按家里买得到的瘦肉、番茄和豆腐来写。,,待审核草稿。家常做法简述。热量由原料克数和食物表计算，不在这里手写。,true
lamb-cabbage,羊肉炒白菜,lunch,lamb-cooked:90|cabbage:180|rice-cooked:100|oil:8,熟羊肉和白菜一起炒匀，油只算这一小份。|配一小碗米饭。,陕西家里常见的羊肉吃法。蛋白质较高。,kidney_high_protein,待审核草稿。家常做法简述。热量由原料克数和食物表计算，不在这里手写。,true
shrimp-cucumber,虾仁黄瓜饭,lunch,shrimp:100|cucumber:120|rice-cooked:150|oil:6,虾仁煮熟。|黄瓜切片一起炒或焯一下。|配米饭。,蛋白质主要来自虾仁，脂肪不高。,kidney_high_protein,待审核草稿。家常做法简述。热量由原料克数和食物表计算，不在这里手写。,true
steamed-cod,清蒸鳕鱼配饭,lunch,cod:120|broccoli:120|rice-cooked:150,鳕鱼清蒸熟。|西兰花焯熟。|配米饭，不另加油。,用大西洋鳕鱼代表少油的清蒸白身鱼。蛋白质较高，热量不算高。,kidney_high_protein,待审核草稿。家常做法简述。热量由原料克数和食物表计算，不在这里手写。,true
oil-spinach-noodle,油泼菠菜面,lunch,noodle-cooked:200|spinach:150|oil:10|peanut:8,煮鸡蛋面煮好，菠菜焯熟垫在下面。|一小勺热油和拍碎的熟花生浇上。,陕西家常面的简化版。面条按 USDA 煮鸡蛋面计。油和花生都算进热量。,,待审核草稿。家常做法简述。热量由原料克数和食物表计算，不在这里手写。,true
tofu-cabbage,白菜豆腐饭,dinner,tofu-firm:150|cabbage:180|rice-cooked:100|oil:6,豆腐和白菜煮熟或少油炒熟。|配少量米饭。,晚饭可以清淡一些，热量留得比较低。,,待审核草稿。家常做法简述。热量由原料克数和食物表计算，不在这里手写。,true
celery-pork,芹菜炒瘦肉,dinner,celery:160|pork-lean:70|rice-cooked:120|oil:6,瘦肉和芹菜一起少油炒熟。|配一碗米饭。,家常小炒，南北都能做。,,待审核草稿。家常做法简述。热量由原料克数和食物表计算，不在这里手写。,true
melon-shrimp,冬瓜虾仁,dinner,winter-melon:220|shrimp:90|oil:5,冬瓜煮软。|虾仁煮熟放进去，少放油。,清淡小份，没有把主食算进去。热量低、蛋白质不低。,kidney_high_protein,待审核草稿。家常做法简述。热量由原料克数和食物表计算，不在这里手写。,true
potato-beef,土豆炖牛肉,dinner,beef-cooked:80|potato-cooked:180|carrot:50|oil:6,牛肉煮熟，和煮土豆、胡萝卜一起炖软。|油按这一小份计算。,北方家常炖菜。土豆按带皮煮熟的可食部计。蛋白质不低。,kidney_high_protein,待审核草稿。家常做法简述。热量由原料克数和食物表计算，不在这里手写。,true
green-bean-pork,豆角炒肉,dinner,green-beans:160|pork-lean:60|rice-cooked:120|oil:6,四季豆炒熟炒透，再放瘦肉。|配米饭。,家常晚饭。四季豆必须炒熟。,,待审核草稿。家常做法简述。热量由原料克数和食物表计算，不在这里手写。,true
buckwheat-chicken,荞麦鸡胸,dinner,buckwheat-cooked:200|chicken-breast:100|broccoli:100,荞麦煮熟。|鸡胸肉煮熟或少油煎熟，配焯西兰花。,主食换成荞麦。蛋白质较高。,kidney_high_protein,待审核草稿。家常做法简述。热量由原料克数和食物表计算，不在这里手写。,true
cucumber-tofu,黄瓜拌豆腐,dinner,tofu-silken:150|cucumber:160,黄瓜拍碎，嫩豆腐拌匀。|可以不加烹调油。,清淡小份，适合今天热量已经不低的时候。主食没算进去。,,待审核草稿。家常做法简述。热量由原料克数和食物表计算，不在这里手写。,true
